filename,overall_score,identity_score,skills_f1_score,skills_recall,skills_precision,work_experience_score,education_score,projects_score,total_experience_months_match,hallucination_detected,hallucination_count,error
resume1.expected.json,78.06004977690377,68.62745098039217,83.33333333333334,0.8333333333333334,0.8333333333333334,85.81172253847775,100.0,53.557487016349526,False,False,0,
resume10.expected.json,85.69208068926379,100.0,85.71428571428571,0.8333333333333334,0.8823529411764706,91.35042735042735,95.7204767063922,100.0,False,True,1,
resume2.expected.json,97.11248895533836,98.69281045751634,100.0,1.0,1.0,97.27272727272727,100.0,81.26749204892735,True,False,0,
resume4.expected.json,77.4955129661012,89.91596638655462,78.57142857142858,0.6470588235294118,1.0,73.33333333333334,94.8024948024948,73.33333333333334,False,False,0,
resume5.expected.json,83.63213053043783,88.13692701160733,100.0,1.0,1.0,82.58333333333333,99.33333333333334,57.69924812030075,False,False,0,
resume6.expected.json,67.00325902084866,94.40917716060032,83.33333333333333,1.0,0.7142857142857143,71.55701754385966,98.54055258467022,100.0,False,True,5,
resume7.expected.json,79.0815127892968,66.26262626262627,81.81818181818183,0.8181818181818182,0.8181818181818182,84.48334998334998,100.0,84.33477491261502,True,True,2,
resume8.expected.json,71.48254868784167,86.06811145510835,97.14285714285714,0.9444444444444444,1.0,75.0,71.06481481481482,84.30797578041026,False,True,2,
resume9.expected.json,36.94079155022272,85.60491206791994,60.86956521739131,0.7777777777777778,0.5,16.716101694915256,76.45905707196029,66.1949977368983,False,True,8,
